<?xml version="1.0" encoding="UTF-8"?>
<!DOCTYPE hibernate-configuration SYSTEM 
"http://www.hibernate.org/dtd/hibernate-configuration-4.2.dtd">
<hibernate-configuration>
   <session-factory>
   
      <property name = "hibernate.dialect">org.hibernate.dialect.OracleDialect</property>
      
      <property name = "hibernate.connection.driver_class">oracle.jdbc.driver.OracleDriver</property>
      
      <!-- Assume test is the database name -->
      
      <property name = "hibernate.connection.url">jdbc:oracle:thin:@localhost:1521:xe</property>
      
      <property name = "hibernate.connection.username">hr</property>
      
      <property name = "hibernate.connection.password">hr</property>
      
      <!-- List of XML mapping files -->
      <mapping resource = "Honey.hbm.xml"/>
      
   </session-factory>
</hibernate-configuration>
